metric,baseline_mean,baseline_std,baseline_ci95_low,baseline_ci95_high,treatment_mean,treatment_std,treatment_ci95_low,treatment_ci95_high,paired_diff_mean,paired_diff_std,paired_diff_ci95_low,paired_diff_ci95_high,paired_signflip_pvalue
total_views,320.000000,0.000000,320.000000,320.000000,320.000000,0.000000,320.000000,320.000000,0.000000,0.000000,0.000000,0.000000,1.000000
total_shares,141.100000,4.474834,139.498701,142.701299,142.133333,3.451470,140.898241,143.368426,1.033333,3.872835,-0.352543,2.419210,0.169992
total_negative_feedback,34.166667,3.733200,32.830758,35.502575,38.500000,4.681217,36.824848,40.175152,4.333333,4.381256,2.765521,5.901146,0.000050
avg_watch_ratio,0.634558,0.004207,0.633053,0.636064,0.634900,0.003714,0.633571,0.636229,0.000342,0.004051,-0.001108,0.001791,0.647868
avg_traffic_pool_level,1.000000,0.000000,1.000000,1.000000,1.000000,0.000000,1.000000,1.000000,0.000000,0.000000,0.000000,0.000000,1.000000
comedy_negative_count,5.433333,0.897634,5.112119,5.754548,6.700000,1.055364,6.322343,7.077657,1.266667,0.639684,1.037759,1.495575,0.000050
comedy_traffic_pool_level,1.000000,0.000000,1.000000,1.000000,0.933333,0.253708,0.842545,1.024122,-0.066667,0.253708,-0.157455,0.024122,0.494075
lifestyle_traffic_pool_level,0.066667,0.253708,-0.024122,0.157455,0.300000,0.466092,0.133211,0.466789,0.233333,0.568321,0.029962,0.436704,0.062547
