metric,baseline_mean,baseline_std,baseline_ci95_low,baseline_ci95_high,treatment_mean,treatment_std,treatment_ci95_low,treatment_ci95_high,paired_diff_mean,paired_diff_std,paired_diff_ci95_low,paired_diff_ci95_high,paired_signflip_pvalue
total_views,320.000000,0.000000,320.000000,320.000000,320.000000,0.000000,320.000000,320.000000,0.000000,0.000000,0.000000,0.000000,1.000000
total_shares,141.700000,2.830255,140.687206,142.712794,141.533333,2.609444,140.599556,142.467111,-0.166667,2.478644,-1.053638,0.720305,0.779261
total_negative_feedback,25.666667,2.089932,24.918794,26.414539,32.133333,2.528913,31.228373,33.038293,6.466667,3.245510,5.305276,7.628057,0.000050
avg_watch_ratio,0.634721,0.003408,0.633501,0.635940,0.635142,0.003564,0.633867,0.636418,0.000421,0.003820,-0.000946,0.001788,0.549773
avg_traffic_pool_level,1.000000,0.000000,1.000000,1.000000,1.000000,0.000000,1.000000,1.000000,0.000000,0.000000,0.000000,0.000000,1.000000
comedy_negative_count,5.233333,0.817200,4.940902,5.525765,6.533333,0.860366,6.225455,6.841211,1.300000,0.651259,1.066950,1.533050,0.000050
comedy_traffic_pool_level,1.000000,0.000000,1.000000,1.000000,0.966667,0.182574,0.901333,1.032000,-0.033333,0.182574,-0.098667,0.032000,1.000000
lifestyle_traffic_pool_level,0.000000,0.000000,0.000000,0.000000,0.066667,0.253708,-0.024122,0.157455,0.066667,0.253708,-0.024122,0.157455,0.501625
