metric,baseline_mean,baseline_std,baseline_ci95_low,baseline_ci95_high,treatment_mean,treatment_std,treatment_ci95_low,treatment_ci95_high,paired_diff_mean,paired_diff_std,paired_diff_ci95_low,paired_diff_ci95_high,paired_signflip_pvalue
total_views,320.000000,0.000000,320.000000,320.000000,320.000000,0.000000,320.000000,320.000000,0.000000,0.000000,0.000000,0.000000,1.000000
total_shares,141.500000,3.070999,140.401057,142.598943,141.500000,3.070999,140.401057,142.598943,0.000000,0.000000,0.000000,0.000000,1.000000
total_negative_feedback,34.500000,4.329131,32.950840,36.049160,42.066667,4.266415,40.539950,43.593384,7.566667,0.626062,7.342633,7.790700,0.000050
avg_watch_ratio,0.637316,0.001369,0.636826,0.637806,0.637316,0.001369,0.636826,0.637806,0.000000,0.000000,0.000000,0.000000,1.000000
avg_traffic_pool_level,1.000000,0.000000,1.000000,1.000000,1.000000,0.000000,1.000000,1.000000,0.000000,0.000000,0.000000,0.000000,1.000000
comedy_negative_count,5.566667,0.773854,5.289746,5.843587,7.433333,0.678911,7.190388,7.676278,1.866667,0.345746,1.742943,1.990390,0.000050
comedy_traffic_pool_level,0.966667,0.182574,0.901333,1.032000,0.766667,0.430183,0.612728,0.920606,-0.200000,0.406838,-0.345585,-0.054415,0.033348
lifestyle_traffic_pool_level,0.033333,0.182574,-0.032000,0.098667,0.233333,0.430183,0.079394,0.387272,0.200000,0.406838,0.054415,0.345585,0.030098
