metric,baseline_mean,baseline_std,baseline_ci95_low,baseline_ci95_high,treatment_mean,treatment_std,treatment_ci95_low,treatment_ci95_high,paired_diff_mean,paired_diff_std,paired_diff_ci95_low,paired_diff_ci95_high,paired_signflip_pvalue
total_views,320.000000,0.000000,320.000000,320.000000,320.000000,0.000000,320.000000,320.000000,0.000000,0.000000,0.000000,0.000000,1.000000
total_shares,140.600000,3.012617,139.521949,141.678051,140.600000,3.012617,139.521949,141.678051,0.000000,0.000000,0.000000,0.000000,1.000000
total_negative_feedback,24.900000,1.881855,24.226587,25.573413,32.833333,1.931291,32.142230,33.524437,7.933333,0.253708,7.842545,8.024122,0.000050
avg_watch_ratio,0.635461,0.003798,0.634101,0.636820,0.635461,0.003798,0.634101,0.636820,0.000000,0.000000,0.000000,0.000000,1.000000
avg_traffic_pool_level,1.000000,0.000000,1.000000,1.000000,1.000000,0.000000,1.000000,1.000000,0.000000,0.000000,0.000000,0.000000,1.000000
comedy_negative_count,5.200000,0.484234,5.026719,5.373281,7.200000,0.484234,7.026719,7.373281,2.000000,0.000000,2.000000,2.000000,0.000050
comedy_traffic_pool_level,1.000000,0.000000,1.000000,1.000000,0.933333,0.253708,0.842545,1.024122,-0.066667,0.253708,-0.157455,0.024122,0.500875
lifestyle_traffic_pool_level,0.000000,0.000000,0.000000,0.000000,0.033333,0.182574,-0.032000,0.098667,0.033333,0.182574,-0.032000,0.098667,1.000000
