metric,baseline_mean,baseline_std,baseline_ci95_low,baseline_ci95_high,treatment_mean,treatment_std,treatment_ci95_low,treatment_ci95_high,paired_diff_mean,paired_diff_std,paired_diff_ci95_low,paired_diff_ci95_high,paired_signflip_pvalue
total_views,320.000000,0.000000,320.000000,320.000000,320.000000,0.000000,320.000000,320.000000,0.000000,0.000000,0.000000,0.000000,1.000000
total_shares,142.433333,4.546187,140.806501,144.060165,142.433333,4.546187,140.806501,144.060165,0.000000,0.000000,0.000000,0.000000,1.000000
total_negative_feedback,34.066667,3.722562,32.734565,35.398769,41.533333,3.390996,40.319881,42.746785,7.466667,0.819307,7.173481,7.759852,0.000050
avg_watch_ratio,0.635993,0.002337,0.635157,0.636829,0.635993,0.002337,0.635157,0.636829,0.000000,0.000000,0.000000,0.000000,1.000000
avg_traffic_pool_level,1.000000,0.000000,1.000000,1.000000,1.000000,0.000000,1.000000,1.000000,0.000000,0.000000,0.000000,0.000000,1.000000
comedy_negative_count,5.500000,1.196259,5.071924,5.928076,7.433333,1.072648,7.049491,7.817176,1.933333,0.253708,1.842545,2.024122,0.000050
comedy_traffic_pool_level,0.866667,0.345746,0.742943,0.990390,0.700000,0.466092,0.533211,0.866789,-0.166667,0.379049,-0.302308,-0.031026,0.064147
lifestyle_traffic_pool_level,0.033333,0.182574,-0.032000,0.098667,0.166667,0.379049,0.031026,0.302308,0.133333,0.345746,0.009610,0.257057,0.123244
