metric,baseline_mean,baseline_std,baseline_ci95_low,baseline_ci95_high,treatment_mean,treatment_std,treatment_ci95_low,treatment_ci95_high,paired_diff_mean,paired_diff_std,paired_diff_ci95_low,paired_diff_ci95_high,paired_signflip_pvalue
total_views,320.000000,0.000000,320.000000,320.000000,320.000000,0.000000,320.000000,320.000000,0.000000,0.000000,0.000000,0.000000,1.000000
total_shares,142.566667,3.945170,141.154906,143.978428,142.633333,3.917101,141.231617,144.035050,0.066667,3.289831,-1.110584,1.243918,0.958552
total_negative_feedback,33.633333,4.046994,32.185135,35.081532,40.933333,3.814070,39.568486,42.298181,7.300000,4.364038,5.738349,8.861651,0.000050
avg_watch_ratio,0.636979,0.001301,0.636513,0.637444,0.636937,0.001217,0.636502,0.637373,-0.000041,0.001431,-0.000554,0.000471,0.874456
avg_traffic_pool_level,1.000000,0.000000,1.000000,1.000000,1.000000,0.000000,1.000000,1.000000,0.000000,0.000000,0.000000,0.000000,1.000000
comedy_negative_count,5.466667,0.681445,5.222815,5.710519,6.833333,0.912871,6.506667,7.160000,1.366667,0.718395,1.109592,1.623741,0.000050
comedy_traffic_pool_level,0.933333,0.253708,0.842545,1.024122,0.833333,0.379049,0.697692,0.968974,-0.100000,0.402578,-0.244061,0.044061,0.378481
lifestyle_traffic_pool_level,0.033333,0.182574,-0.032000,0.098667,0.100000,0.305129,-0.009189,0.209189,0.066667,0.365148,-0.064000,0.197333,0.627419
