metric,baseline_mean,baseline_std,baseline_ci95_low,baseline_ci95_high,treatment_mean,treatment_std,treatment_ci95_low,treatment_ci95_high,paired_diff_mean,paired_diff_std,paired_diff_ci95_low,paired_diff_ci95_high,paired_signflip_pvalue
total_views,320.000000,0.000000,320.000000,320.000000,320.000000,0.000000,320.000000,320.000000,0.000000,0.000000,0.000000,0.000000,1.000000
total_shares,140.266667,2.612085,139.331944,141.201389,140.633333,2.326509,139.800803,141.465864,0.366667,2.999808,-0.706801,1.440134,0.537723
total_negative_feedback,25.466667,2.596195,24.537630,26.395703,31.900000,3.088912,30.794647,33.005353,6.433333,2.095699,5.683397,7.183270,0.000050
avg_watch_ratio,0.637200,0.001500,0.636663,0.637737,0.637446,0.001541,0.636894,0.637997,0.000246,0.001339,-0.000234,0.000725,0.320534
avg_traffic_pool_level,1.000000,0.000000,1.000000,1.000000,1.000000,0.000000,1.000000,1.000000,0.000000,0.000000,0.000000,0.000000,1.000000
comedy_negative_count,5.166667,0.647719,4.934883,5.398450,6.766667,0.817200,6.474235,7.059098,1.600000,0.563242,1.398446,1.801554,0.000050
comedy_traffic_pool_level,1.000000,0.000000,1.000000,1.000000,0.933333,0.253708,0.842545,1.024122,-0.066667,0.253708,-0.157455,0.024122,0.505825
lifestyle_traffic_pool_level,0.033333,0.182574,-0.032000,0.098667,0.100000,0.305129,-0.009189,0.209189,0.066667,0.365148,-0.064000,0.197333,0.619519
