metric,baseline_mean,baseline_std,baseline_ci95_low,baseline_ci95_high,treatment_mean,treatment_std,treatment_ci95_low,treatment_ci95_high,paired_diff_mean,paired_diff_std,paired_diff_ci95_low,paired_diff_ci95_high,paired_signflip_pvalue
total_views,16.000000,0.000000,16.000000,16.000000,16.000000,0.000000,16.000000,16.000000,0.000000,0.000000,0.000000,0.000000,1.000000
total_shares,7.066667,0.907187,6.742034,7.391299,6.966667,0.999425,6.609027,7.324306,-0.100000,0.711967,-0.354774,0.154774,0.604570
total_negative_feedback,2.000000,1.114172,1.601299,2.398701,3.700000,1.178836,3.278159,4.121841,1.700000,0.915386,1.372433,2.027567,0.000050
avg_watch_ratio,0.637144,0.010879,0.633251,0.641037,0.636461,0.012007,0.632165,0.640758,-0.000683,0.010522,-0.004448,0.003083,0.722964
avg_traffic_pool_level,1.000000,0.000000,1.000000,1.000000,1.000000,0.000000,1.000000,1.000000,0.000000,0.000000,0.000000,0.000000,1.000000
comedy_negative_count,1.133333,0.345746,1.009610,1.257057,2.900000,0.547723,2.704000,3.096000,1.766667,0.430183,1.612728,1.920606,0.000050
comedy_traffic_pool_level,0.800000,0.406838,0.654415,0.945585,0.133333,0.345746,0.009610,0.257057,-0.666667,0.546672,-0.862291,-0.471043,0.000050
lifestyle_traffic_pool_level,0.200000,0.406838,0.054415,0.345585,0.866667,0.345746,0.742943,0.990390,0.666667,0.546672,0.471043,0.862291,0.000050
