metric,baseline_mean,baseline_std,baseline_ci95_low,baseline_ci95_high,treatment_mean,treatment_std,treatment_ci95_low,treatment_ci95_high,paired_diff_mean,paired_diff_std,paired_diff_ci95_low,paired_diff_ci95_high,paired_signflip_pvalue
total_views,320.000000,0.000000,320.000000,320.000000,320.000000,0.000000,320.000000,320.000000,0.000000,0.000000,0.000000,0.000000,1.000000
total_shares,140.700000,2.534588,139.793009,141.606991,140.500000,2.529141,139.594959,141.405041,-0.200000,2.537987,-1.108207,0.708207,0.722364
total_negative_feedback,25.866667,2.501494,24.971519,26.761815,31.566667,3.136914,30.444136,32.689197,5.700000,2.561654,4.783324,6.616676,0.000050
avg_watch_ratio,0.635851,0.002252,0.635045,0.636657,0.636688,0.002479,0.635801,0.637575,0.000837,0.002741,-0.000144,0.001818,0.105145
avg_traffic_pool_level,1.000000,0.000000,1.000000,1.000000,1.000000,0.000000,1.000000,1.000000,0.000000,0.000000,0.000000,0.000000,1.000000
comedy_negative_count,5.166667,0.530669,4.976769,5.356564,6.433333,0.858360,6.126173,6.740493,1.266667,0.691492,1.019220,1.514114,0.000050
comedy_traffic_pool_level,1.000000,0.000000,1.000000,1.000000,1.000000,0.000000,1.000000,1.000000,0.000000,0.000000,0.000000,0.000000,1.000000
lifestyle_traffic_pool_level,0.000000,0.000000,0.000000,0.000000,0.066667,0.253708,-0.024122,0.157455,0.066667,0.253708,-0.024122,0.157455,0.503875
