metric,baseline_mean,baseline_std,baseline_ci95_low,baseline_ci95_high,treatment_mean,treatment_std,treatment_ci95_low,treatment_ci95_high,paired_diff_mean,paired_diff_std,paired_diff_ci95_low,paired_diff_ci95_high,paired_signflip_pvalue
total_views,320.000000,0.000000,320.000000,320.000000,320.000000,0.000000,320.000000,320.000000,0.000000,0.000000,0.000000,0.000000,1.000000
total_shares,141.733333,2.947042,140.678748,142.787919,141.566667,2.344227,140.727796,142.405538,-0.166667,3.206495,-1.314096,0.980763,0.830908
total_negative_feedback,25.233333,2.207875,24.443255,26.023411,31.700000,2.937862,30.648700,32.751300,6.466667,3.002681,5.392171,7.541162,0.000050
avg_watch_ratio,0.634181,0.003857,0.632801,0.635561,0.634933,0.003589,0.633649,0.636218,0.000753,0.003161,-0.000378,0.001884,0.204890
avg_traffic_pool_level,1.000000,0.000000,1.000000,1.000000,1.000000,0.000000,1.000000,1.000000,0.000000,0.000000,0.000000,0.000000,1.000000
comedy_negative_count,5.066667,0.583292,4.857938,5.275395,6.633333,0.764890,6.359621,6.907046,1.566667,0.568321,1.363296,1.770038,0.000050
comedy_traffic_pool_level,1.000000,0.000000,1.000000,1.000000,1.000000,0.000000,1.000000,1.000000,0.000000,0.000000,0.000000,0.000000,1.000000
lifestyle_traffic_pool_level,0.000000,0.000000,0.000000,0.000000,0.000000,0.000000,0.000000,0.000000,0.000000,0.000000,0.000000,0.000000,1.000000
