metric,baseline_mean,baseline_std,baseline_ci95_low,baseline_ci95_high,treatment_mean,treatment_std,treatment_ci95_low,treatment_ci95_high,paired_diff_mean,paired_diff_std,paired_diff_ci95_low,paired_diff_ci95_high,paired_signflip_pvalue
total_views,320.000000,0.000000,320.000000,320.000000,320.000000,0.000000,320.000000,320.000000,0.000000,0.000000,0.000000,0.000000,1.000000
total_shares,141.100000,2.758685,140.112817,142.087183,141.066667,2.391556,140.210859,141.922474,-0.033333,2.645534,-0.980026,0.913359,1.000000
total_negative_feedback,26.200000,2.771779,25.208132,27.191868,33.100000,3.790642,31.743536,34.456464,6.900000,3.679861,5.583179,8.216821,0.000050
avg_watch_ratio,0.636888,0.002648,0.635940,0.637835,0.636775,0.002948,0.635720,0.637830,-0.000112,0.003357,-0.001314,0.001089,0.856657
avg_traffic_pool_level,1.000000,0.000000,1.000000,1.000000,1.000000,0.000000,1.000000,1.000000,0.000000,0.000000,0.000000,0.000000,1.000000
comedy_negative_count,5.166667,0.592093,4.954789,5.378545,6.766667,0.773854,6.489746,7.043587,1.600000,0.621455,1.377615,1.822385,0.000050
comedy_traffic_pool_level,1.000000,0.000000,1.000000,1.000000,0.966667,0.182574,0.901333,1.032000,-0.033333,0.182574,-0.098667,0.032000,1.000000
lifestyle_traffic_pool_level,0.000000,0.000000,0.000000,0.000000,0.100000,0.305129,-0.009189,0.209189,0.100000,0.305129,-0.009189,0.209189,0.254087
